SampleID,feat1,feat2,feat3,label,outcome,SchemaViolationFlag,MissingDataFlag
0,-1.0856306033005612,2.870635554758554,3.1863390057039687,B,0,False,False
1,0.9973454465835858,7.0317008171365,4.89059190739559,A,1,False,False
2,0.282978498051992,5.560663334482238,5.722038425843097,A,1,False,False
3,-1.506294713918092,1.9769142551026144,1.0487129392800054,B,0,False,False
4,-0.5786002519685364,3.816494032906872,6.499712904268959,B,0,False,False
5,1.651436537097151,8.289691639260647,3.43697677723261,A,1,False,False
6,-2.426679243393074,0.1850992514165286,1.829212939536797,B,0,False,False
7,-0.4289126288561772,4.108058190004261,8.053266882790332,B,0,False,False
8,1.265936258705534,7.534356079409585,0.6862338687313652,A,1,False,False
9,-0.5515959348421575,3.179137737003708,9.29769853337297,B,0,False,False
10,-0.6788861516220543,3.6552464296821054,6.264742703265097,B,0,False,False
11,-0.0947089689368911,4.7588056412551705,4.755910202923487,B,0,False,False
12,1.4913896261242878,7.916872415656822,2.915125372784821,A,1,False,False
13,-0.638901996684651,4.441956917891091,3.90125311046398,B,0,False,False
14,-0.4439819596460654,4.12255295721456,6.457984135282456,B,0,False,False
15,-0.4343512756185173,4.1091285742805645,8.589130980412888,B,0,False,False
16,2.205930082725456,9.396755381662446,6.177639941094255,A,1,False,False
17,0.48853888095449705,9.487123866320408,3.977074212507853,A,1,False,False
18,0.8916032165560734,6.998400581106606,4.473593867448036,A,1,False,False
19,-0.13472155232147076,5.762311996935832,8.732953268532846,A,1,False,False
20,0.7373685758962422,5.683952298520841,3.513573095067967,A,1,False,False
21,1.490732028150799,7.985824673165016,0.6515759862180714,A,1,False,False
22,-0.9358338684023914,3.177703685683096,4.426725568499228,B,0,False,False
23,1.1758290447821034,7.365530529658313,9.984591260097076,A,1,False,False
24,-1.2538806677490124,2.5302931216288944,6.840216265779733,B,0,False,False
25,-0.6377515024534103,3.396951727201704,1.930547166890757,B,0,False,False
26,0.9071051958003012,6.846475579841785,6.56069042909826,A,1,False,False
27,-1.0590715339832464,2.1405059510557534,1.7096888260536136,B,0,False,False
28,-0.1400687201886661,4.7202713466743935,3.2406440436951978,B,0,False,False
29,-0.8617548958596855,3.2629384336205995,5.742783354620916,B,0,False,False
30,-0.2556193705305969,4.518969734308123,6.655884157562834,B,0,False,False
31,-2.7985891054607244,-0.6644801451497164,0.428189241952116,B,0,False,False
32,-0.8675813471379381,1.4932406054747087,9.361801031938365,B,0,False,False
33,-0.6998772345979173,3.650146798315276,2.356383448612519,B,0,False,False
34,0.9274624317585825,6.892012952412901,1.4906200766843047,A,1,False,False
35,-0.5958197257452009,3.809183018327282,5.308294340622895,B,0,False,False
36,0.002845915896811,5.03095329234897,6.775858190042968,A,0,False,False
37,-0.09958711899309833,4.671938224864534,3.07252789359898,A,1,False,False
38,-0.8795363430090519,3.282782424676948,6.694412187446899,B,0,False,False
39,0.283627323807291,5.512293883084997,2.942938530148238,A,1,False,False
40,-0.8053665180656158,3.418953519931245,9.021715201612055,B,0,False,False
41,-1.7276694941206072,1.571293881489455,8.80694737171234,B,0,False,False
42,-0.390899793755101,4.238536804302983,0.7119437674101781,B,0,False,False
43,0.44079219746752535,6.125257542597753,1.504025201960396,A,1,False,False
44,0.03088226846625073,5.71518641364798,6.980586861472203,A,1,False,False
45,-0.0118304944788197,4.884475767914179,0.0012010148897489,B,0,False,False
46,2.392365265937726,9.82359162249385,5.232873696679453,A,1,False,False
47,0.4129121603087788,5.835396216094203,5.3659201034470225,A,1,False,False
48,0.9787360059373466,6.937436389523574,7.446198947545007,A,1,False,False
49,2.2381433384979528,9.486289126241733,0.4423720685449483,A,1,False,False
50,-1.2940853231612488,2.347404420624223,5.146037644928351,B,0,False,False
51,-1.0387882102049537,2.8753326129176857,5.85615677791141,B,0,False,False
52,1.743712225122931,8.51789481617094,1.798237951045193,A,1,False,False
53,0.4193393505705951,5.001260771705547,3.8442123227478335,B,0,False,False
54,0.0296832303033302,5.053047151583949,3.6426398707554144,A,1,False,False
55,0.6095538840640582,7.175750568230831,9.160913601419256,A,1,False,False
56,0.6782890836024241,6.371811459023215,6.271740199860284,A,1,False,False
57,1.7548861819811097,8.613749297980103,7.064798139812818,A,1,False,False
58,1.4956441370334692,7.973717937398764,4.28159273266232,A,1,False,False
59,1.0693926697057368,7.203085406618783,2.867870881334235,A,1,False,False
60,-0.7727087142471915,3.489178050539455,9.917319129530874,B,0,False,False
61,0.7948626677932181,6.554680331172201,5.604223016441914,A,1,False,False
62,0.314271994506867,5.547396310942883,7.878174334005028,A,1,False,False
63,-1.3203422207873303,2.3556026114141955,5.613539560727579,B,0,False,False
64,-0.3758278264453926,7.808532812672898,0.8407621413326916,A,1,False,False
65,0.8072365345785665,6.559537191176832,1.092331981016755,A,1,False,False
66,0.02372145441992332,5.064560123515473,0.1528584433877522,A,0,False,False
67,-0.2330920609844135,4.481619576484919,9.21978968657334,B,0,False,False
68,-1.198301144700787,2.621130474419973,6.5690897113503555,B,0,False,False
69,0.1995240735586325,5.355084925502027,9.965691311316396,A,1,False,False
70,0.4684391194456442,5.882445744844481,7.381298505423592,A,1,False,False
71,-0.8311549842432792,3.388570671750041,2.506107901160956,B,0,False,False
72,1.1622040490995291,7.368113363188828,9.918046356850356,A,1,False,False
73,-1.0972030464830342,3.893989854583657,8.685338575255553,B,0,False,False
74,-2.1231003500424417,0.7875701141660336,5.055181623759462,B,0,False,False
75,0.5272382459501298,7.065240360469027,1.8532191125874853,A,1,False,False
76,-0.4033660381021075,4.311837346497048,6.4745920264712895,B,0,False,False
77,-0.1260295853130151,4.742336064786215,0.7828024559427016,B,0,False,False
78,-0.8375167228250533,3.359622056613648,5.845248623936023,B,0,False,False
79,-1.6059627607174027,1.7717848981076534,0.6660292464904871,B,0,False,False
80,1.2552373747242185,6.380725180967031,2.212976062688705,A,1,False,False
81,-0.6888689838469215,5.288829428169537,9.484399533255528,B,0,False,False
82,1.6609524881479396,8.333506824872824,4.985716373493645,A,1,False,False
83,0.8073081862107286,6.689662503504294,5.737129695138985,A,1,False,False
84,-0.340802939375756,4.395081562954909,2.6968327786026838,B,0,False,False
85,-0.7730726897427311,2.818726088359632,4.4006164516091015,B,0,False,False
86,-0.732461986720457,3.538073186196467,1.3300240607257474,B,0,False,False
87,-1.2125231310951696,3.097703870057047,5.166163103030836,B,0,False,False
88,0.32246723771251096,9.155278416247423,0.5395579279990459,A,1,False,False
89,-0.3023945232871404,6.414764486349147,0.4824936856366979,A,1,False,False
90,0.6470369499526049,7.381665492997598,6.796477396069474,A,1,False,False
91,-1.2673520490102277,2.4471384650547683,0.5498161047719086,B,0,False,False
92,-0.0392286971245084,5.422446772486526,5.212838456191103,A,1,False,False
93,0.46836872879657354,7.399540192828723,2.6602649415720423,A,1,False,False
94,-0.3350107619330159,4.356840719186661,1.8769394300706577,B,0,False,False
95,1.0311144589217422,7.067825198771327,5.73318890054647,A,1,False,False
96,-1.0845679120057663,2.8477533695376023,2.964632973497249,B,0,False,False
97,-1.3634715446185843,2.262187252069241,4.563823747270054,B,0,False,False
98,0.3794006120781361,5.772180012007983,1.389738387144941,A,1,False,False
99,-0.2970637863522141,4.205726973067122,1.2648568845322272,B,0,False,False
100,0.6886201451696593,6.34085661325796,3.3318537685993213,A,1,False,False
101,-1.977887931520449,1.121710223022383,0.7156011243383231,B,0,False,False
102,0.7122646354705182,6.389470402772657,5.374071453636915,A,1,False,False
103,-0.32458164431690306,3.929434813705053,7.560054914875787,A,1,False,False
104,-0.0246259814314806,4.957947104448589,7.9236687219885615,B,0,False,False
105,0.0341421289098415,5.071402247251458,9.578448081393994,A,1,False,False
106,0.1795494846386791,5.372248525643429,4.387119256119164,A,1,False,False
107,-1.8619757107917871,1.1953620233893043,1.3561895388884104,B,0,False,False
108,0.7888722492457021,5.879689477293205,4.699547793101889,A,1,False,False
109,-1.6054097440159647,1.861358100185658,8.610075256721501,B,0,False,False
110,-0.4276795981238043,4.109404782621161,6.479956492370407,B,0,False,False
111,0.7765009821505877,7.528106032111426,5.581781082188324,A,1,False,False
112,-0.7352169561000764,3.525305818185161,1.567832656077368,B,0,False,False
113,0.5012489895674,5.947863515385929,3.912625691057221,A,1,False,False
114,0.23233861106887338,7.07537260619873,7.193457766547499,A,1,False,False
115,0.2787408560959998,5.641783553756812,3.73412684942362,A,1,False,False
116,-1.3725238977397045,2.218390441867304,3.873919867251762,B,0,False,False
117,-0.3324752753514139,4.345839534073816,5.838839610732013,B,0,False,False
118,1.959411342388286,8.846835899392605,7.201345796929494,A,1,False,False
119,-2.025045762997471,0.9478081080764964,7.147714916424567,B,0,False,False
120,-0.2757860138661754,4.472731292409812,1.6486583853472825,B,0,False,False
121,-0.5521080714881078,3.9834293373159575,3.3599158940393368,B,0,False,False
122,0.1207473630971386,4.950778827664828,4.091722922969198,A,1,False,False
123,0.7862886606172691,6.578556151452622,5.646658142009109,A,1,False,False
124,1.6086909680220534,7.836575419606495,1.1415848950467766,A,1,False,False
125,-0.2702323920091581,4.459114587589021,3.855315307013548,B,0,False,False
126,0.8123413299768204,6.541467388707543,2.659184142277602,A,1,False,False
127,0.4997401448651729,5.963722514309397,7.105606721163715,A,1,False,False
128,0.4743472978718003,5.462366450498729,5.694476888441001,A,1,False,False
129,-0.5639239315264725,3.890428981778917,4.049305603988991,B,0,False,False
130,-0.9973214687759008,2.9705075622086365,9.27597362754534,B,0,False,False
131,-1.100043112620697,2.744842661267857,5.980835666317381,B,0,False,False
132,-0.3745809846722023,3.469354859406719,9.74790883705413,B,0,False,False
133,0.3216865758662266,5.500173383240825,8.6737635635014,A,1,False,False
134,0.7609493931283295,6.537349627246041,6.736261016251143,A,1,False,False
135,0.3234688478568951,5.6611600704149625,8.993134954247056,A,1,False,False
136,-0.5489550961957409,3.886304178105631,9.91239678118326,B,0,False,False
137,1.805970109932475,7.076886318064211,2.2087726696414443,A,1,False,False
138,1.51886562363154,7.970759178520801,6.910565199038041,A,1,False,False
139,-0.3540001127501733,4.898197213086298,9.18779277859129,B,0,False,False
140,-0.8234314059856659,3.36457322502544,0.1740016001646571,B,0,False,False
141,0.1302149541579695,5.283645681522061,7.994889965325843,A,0,False,False
142,1.2672986450543529,7.519275521061074,0.8940294989100761,A,1,False,False
143,0.3327649772541171,5.654633779229164,9.165542974452134,A,1,False,False
144,0.5565487049100443,6.185197367258904,2.6663959685830463,A,1,False,False
145,-0.2120801222756257,4.5458105121738015,1.6206943856657874,B,0,False,False
146,0.4562708952022307,5.896909589276557,0.3941016757105342,A,1,False,False
147,1.5445444514561384,8.126283507055534,8.278214837762212,A,1,False,False
148,-0.2396687814777107,4.53580800187236,1.3949194094478945,B,0,False,False
149,0.1433077325078725,4.92176466052813,9.39541373846822,A,1,False,False
150,0.2538164765496273,5.423238616597671,6.971278257864947,A,1,False,False
151,0.18347814647042185,5.53440914821157,8.379784837932323,A,1,False,False
152,-1.3725238977397045,2.2217372310798136,3.873919867251762,B,0,False,False
153,-1.8768686558738945,1.279846342136345,8.727353473901136,B,0,False,False
154,-1.0196550709218393,2.986666026193821,7.685742417824326,B,0,False,False
155,-0.23781350620075078,5.367271795620128,8.528822823602011,A,1,False,False
156,0.5538561660032112,6.059265094275297,4.702420924102409,A,1,False,False
157,-0.527327005213617,3.96870323511528,5.3446800290811085,B,0,False,False
158,1.3772574828673068,7.708450780898486,5.114415533058666,A,1,False,False
159,-0.1431759743261871,4.948325597156627,0.4717326781341779,B,0,False,False
160,0.0203159982346245,5.015103739758546,2.3240011085404886,A,1,False,False
161,-0.1939638705526624,4.626153562800009,0.0136163910525366,B,0,False,False
162,0.1340267927466651,5.174328665307379,3.63028155988514,A,1,False,False
163,0.7044740740436035,6.341503702476938,4.938288369840338,A,1,False,False
164,0.6656534379123312,6.385840747719041,4.836740254885986,A,1,False,False
165,-0.8984229406095902,3.237741312290165,0.0772981522644677,B,0,False,False
166,0.9679892796216276,7.986430714291015,6.864635684323059,A,1,False,False
167,-1.0950264574269175,2.8170170520249664,5.11259070113999,B,0,False,False
168,-0.5018071062629641,5.137136755060368,0.7384550622622144,A,1,False,False
169,-0.2743965735223526,4.452204908150511,6.427178405570236,B,0,False,False
170,-1.0489916773184873,2.8780116142697176,7.181593095808106,B,0,False,False
171,-0.0751205879738315,4.803588064221281,9.771652386329633,B,0,False,False
172,-0.7408137732923984,3.576769481492132,2.95397300164689,B,0,False,False
173,0.0729072432760522,5.230063561333318,1.1751797398210662,A,1,False,False
174,0.403085961219367,5.8150856332936165,0.6853658403996399,A,1,False,False
175,1.4719293689732715,7.960504482985039,3.004432953609599,A,1,False,False
176,0.3073842186274145,5.600707684595359,7.054708621343605,A,1,False,False
177,-0.6112253403048249,3.782964749309468,0.0338436140092701,B,0,False,False
178,-0.38851455153761744,4.223334841380527,4.604999724114951,B,0,False,False
179,0.1399781061145636,5.222120767797941,1.6420688366851266,A,1,False,False
180,0.0934608294621511,5.211894503547429,0.1824990209513077,A,0,False,False
181,1.4595892682284208,7.95466319346496,3.5463198344715585,A,1,False,False
182,1.395352929756955,7.825118223676498,3.70235582019371,A,1,False,False
183,-0.3589359262422613,4.197540589109836,3.0366151527992056,B,0,False,False
184,-0.5486421281861983,3.921101018346157,7.100997364935841,B,0,False,False
185,-2.5570546040678583,3.9144558226363984,7.2873494765179325,B,0,False,False
186,-0.5489204133222201,3.861595681673771,6.8794709902122095,B,0,False,False
187,-1.2202147344535788,3.050455652453948,9.617851029340253,B,0,False,False
188,-0.3548244580948187,4.251867960594175,1.3900939299001092,B,0,False,False
189,0.3915842423501111,5.795852317227481,7.174649893036351,A,1,False,False
190,0.1771923291989879,5.347221194702994,3.3601196794394426,A,1,False,False
191,-0.0299680070475422,5.166933131846644,8.682225427483898,B,1,False,False
192,0.1995821110885137,5.407562800230953,9.949610284237348,A,1,False,False
193,-0.1261177732309917,4.195611707207889,1.9332296735778487,B,0,False,False
194,0.197018932543476,5.444657877227546,8.19455618048128,A,1,False,False
195,0.6779395116068816,-1.4804384195769718,5.055029475794093,B,0,False,False
196,-0.2692934897507542,4.458338836561731,9.654310642829936,B,0,False,False
197,-0.110850721053007,4.703543124426996,6.580889974332464,B,1,False,False
198,-0.3412617162065858,4.4157210378537926,5.932379016462982,B,0,False,False
199,-0.2179462621029417,4.6393578852616,2.295234476032024,B,0,False,False
200,0.7033101178067301,6.081748080573915,7.187000643108201,A,1,False,False
201,-0.6101232607227098,3.797547248686101,4.080417985166321,B,0,False,False
202,2.200702099217128,9.254893056215856,3.55611295910343,A,1,False,False
203,0.6882969302220884,5.808580134602591,9.77263659098366,A,1,False,False
204,-0.0063072509138721,5.0155285572301205,0.0779298147927509,B,0,False,False
205,-0.2066623031975665,4.600834476735491,2.1476953694341887,B,0,False,False
206,-0.0865222863821351,4.806693019470758,3.584602931641321,B,0,False,False
207,-0.9153070699439788,3.145914418858874,4.883156795103096,B,0,False,False
208,-0.0952025392580094,4.747823989192964,4.942439829415605,B,1,False,False
209,0.2786835167270544,5.596267519963359,7.759576887052012,A,1,False,False
210,0.5795416155732297,5.661745435701075,2.4322248811018343,A,1,False,False
211,0.5796897791443336,6.21557370212682,0.9685268804550496,A,1,False,False
212,-0.2748775465659346,4.459607785668548,6.427178405570236,B,0,False,False
213,-1.4160822525219303,2.151502909847763,7.470601324732332,B,0,False,False
214,-0.6691026262334455,3.609196226364804,8.583394231765784,B,0,False,False
215,1.612193042812388,8.189298559643234,3.840413283899768,A,1,False,False
216,0.8960583134099478,6.815494150501647,4.921137106330285,A,1,False,False
217,0.7312885902995874,5.725011503838305,4.650186279731954,A,1,False,False
218,-0.7612942447601239,3.559481719716528,3.98850975111716,B,0,False,False
219,0.0036451549737779,5.064908111488772,5.2037509840101395,A,1,False,False
220,-1.255668685662482,2.4585721720692284,7.186492591848833,B,0,False,False
221,-0.5519368756960736,4.050744809416963,7.530711267273027,B,0,False,False
222,-0.245203341685195,4.482172399491051,8.638539865096316,B,0,False,False
223,-0.361639931865213,4.329989283591399,8.44902038075601,B,0,False,False
224,0.956601931056012,6.887007741705938,4.81567329343643,A,1,False,False
225,-0.6322690106771504,2.1898475711874203,3.327778178692391,B,0,False,False
226,-0.5572633948606392,3.240841451008333,7.100463378231017,B,0,False,False
227,-0.03200166698438795,4.944830608699152,4.944944219847526,B,0,False,False
228,-1.237353212687854,2.551700673291941,9.162399148722232,B,0,False,False
229,-0.2390472875815263,5.297403455172525,9.71487726389655,A,1,False,False
230,-1.6004405330562717,1.870780940416444,0.3620751994370863,B,0,False,False
231,0.7538687788376367,6.57324900441567,6.115991369074755,A,1,False,False
232,-0.2468157769410755,4.479859870659211,7.354377841816044,B,0,False,False
233,0.0687883325259774,5.130225728244753,2.4655973439900523,A,1,False,False
234,0.3225767379972037,5.58647722123399,5.854813614781941,A,1,False,False
235,-0.17194674815540392,4.119882695120094,7.501916797917208,B,0,False,False
236,1.0236502717232938,7.066175288749985,6.164413515430572,A,1,False,False
237,-0.194342726727635,4.591116549798258,5.199153636501331,B,0,False,False
238,0.59407025523907,6.162961282055665,1.8832987706075344,A,1,False,False
239,-0.1991123827572522,4.653379243373118,0.0382720380011059,B,0,False,False
240,0.2908743874249234,5.627122922104384,8.999581069791947,A,1,False,False
241,0.2796626701579614,5.579281442708525,5.240749097859677,A,1,False,False
242,0.2499699394555311,5.4360643487329146,5.28818447000422,A,1,False,False
243,-0.9743078496209197,3.061430845733173,0.5409886255562246,B,0,False,False
244,0.43587577054744,5.85253996254788,4.208401774223107,A,1,False,False
245,-0.3189569890995958,4.427872394840663,4.544482665370298,B,0,False,False
246,0.11575714142470257,6.170861523646168,1.715469965099633,A,1,False,False
247,-0.7935471066902677,3.7051545947670066,1.561882788019611,B,0,False,False
248,-1.5135953047769606,2.04043504047742,2.9028121733662053,B,0,False,False
249,-0.10576497995372354,4.437285476170988,5.9683559577496,A,1,False,False
250,1.8629275851052287,8.773734107635313,1.2470395184011662,A,1,False,False
251,-0.17072439880967488,6.55249957306363,2.3854925666339613,A,1,False,False
252,-0.6824509341999805,3.624695522788545,9.46272181003964,B,0,False,False
253,-1.692052415377956,1.644067943026042,6.772580306395222,B,0,False,False
254,0.7426862211616183,6.534378317623655,7.638565964984856,A,1,False,False
255,-0.0805832220429508,4.811379662887095,5.980400095485337,B,0,False,False
256,0.5907042178943853,6.147419528321667,4.131568094469527,A,1,False,False
257,0.115298722210791,5.19873761828464,5.952858934976854,A,1,False,False
258,0.0296429251204952,5.066837684753526,1.3362002992165811,A,0,False,False
259,-0.4560756143309125,4.108407962732693,4.84187887928096,A,1,False,False
260,-0.0061299610455789,4.811316602499781,9.721335039087354,B,1,False,False
261,-0.1592452092532648,4.625150971248313,4.277208151083621,B,0,False,False
262,-0.121448675404022,4.7139414960495305,2.4288124442091474,B,0,False,False
263,-0.5835367167076569,3.865077059682638,9.275068806227656,B,0,False,False
264,0.9901328947153126,6.908227804197171,6.107743199663115,A,1,False,False
265,-0.4174037628408815,5.44326294753851,7.278572444454115,B,0,False,False
266,0.6359427056445893,6.264166210992559,4.631811362813742,A,1,False,False
267,0.2846030298135564,5.50482630078812,0.1120201002694099,A,1,False,False
268,1.2189858621324263,7.433167445098183,2.9765918967939426,A,1,False,False
269,0.4201795969883613,4.806383339849293,9.786971759219734,A,1,False,False
270,-1.2133847809476472,2.664875734719421,5.775163623652837,B,0,False,False
271,-1.3264877850539407,2.315538494039174,8.087573705387737,B,0,False,False
272,1.4083691460769014,7.787924131995474,8.515866695612022,A,1,False,False
273,-0.6087108032644418,3.822800307934582,6.62154273087648,B,0,False,False
274,-1.320602579789652,2.326027994087372,2.886134989702105,B,0,False,False
275,0.47148571416015184,6.095801127077035,4.493841923188184,B,0,False,False
276,1.2646252869680072,7.39303479892215,5.428260899988561,A,1,False,False
277,-1.4202129989485122,2.144380005130785,1.524556943044103,B,0,False,False
278,-0.8664952037596095,3.258969692626927,5.798601097650052,B,0,False,False
279,-0.6668075087965194,3.80892036926284,2.769808867928154,B,0,False,False
280,-1.2511898734731952,2.522052971003508,8.369323505357144,B,0,False,False
281,-0.3184586987545831,2.638869173773744,3.4706359772283517,B,0,False,False
282,-1.5181079752636586,2.0058329330774116,3.1749138394954035,B,0,False,False
283,-0.461187413136722,4.129483275360569,0.1008541892065983,B,0,False,False
284,-0.354908831740085,4.214266020829866,8.60543487543884,B,0,False,False
285,-0.6825381542033059,3.625864290445047,8.588457137994617,B,0,False,False
286,-1.653697838967641,1.5509214492640426,7.056740928762754,B,0,False,False
287,-0.2745427888415768,7.480001512416408,0.7254553297320865,A,1,False,False
288,-1.3290788291721605,2.3842386823012136,3.947586492208473,B,0,False,False
289,0.2780337120228709,5.625178965988503,4.281939435389464,A,1,False,False
290,-1.0747665931188752,2.8807653256712515,8.608837840751683,B,0,False,False
291,-0.03200166698438795,4.944830608699152,4.944944219847526,A,1,False,False
292,0.9558323551671646,6.825869635836598,3.0220439800304577,A,1,False,False
293,-0.6914917009285021,3.2108541361749428,7.327272691876773,B,0,False,False
294,-0.35879461509585114,1.2262887914013545,1.8005249063483542,B,0,False,False
295,0.6957873191396077,6.365381637755009,4.918635451567458,A,1,False,False
296,1.8758005467136352,8.744801973322614,7.422092349960637,A,1,False,False
297,0.4223392955092965,5.791110980466984,1.8045346571675855,A,1,False,False
298,0.160544421479718,5.274401268684924,2.21944767713362,A,1,False,False
299,0.8197606096101892,6.616007757896393,5.614051741720564,A,1,False,False
300,0.7650548459970179,6.497056893697678,7.945043175557255,A,1,False,False
301,-0.8289888337610103,3.389897422268821,3.739983731465016,B,0,False,False
302,-0.15492492688117918,3.692465858501169,3.086498973641878,B,0,False,False
303,0.6111235500559109,6.273191291433998,5.486335841144566,A,1,False,False
304,-0.1440133474802926,4.64261142987306,2.407234596851143,B,0,False,False
305,1.3166055958635523,7.547952302774519,5.5724264884682615,A,1,False,False
306,-0.7043421471287583,3.5923885169447285,2.61120684571695,B,0,False,False
307,0.7506099168684812,6.59318725294326,6.482623512654345,A,1,False,False
308,0.3426379813692278,5.682637155820423,8.03365598756558,A,1,False,False
309,-0.11300890435472248,4.672454781847585,8.0322972419814,B,0,False,False
310,1.1759107718346071,7.416032575062906,7.045056792616986,A,1,False,False
311,0.6800715328674297,6.3533186538286825,1.236393084720684,A,1,False,False
312,-1.004967153382104,2.8824599392524477,2.8402507874879435,B,0,False,False
313,0.6402186804198472,6.28769709490818,4.631811362813741,A,1,False,False
314,1.374990631494199,7.761542669281304,4.52526151027638,A,1,False,False
315,-0.10992862391294671,4.792916259197184,5.920316057789783,B,0,False,False
316,0.24912580725982983,4.9807913093712735,0.1830905502052138,B,0,False,False
317,-0.6696471476435246,3.6683895057702465,5.708815635397748,B,0,False,False
318,-0.24537099010229654,4.9490623909122,6.891428701721938,B,0,False,False
319,0.68620068605291,6.468713767501863,0.5888178283296075,A,1,False,False
320,-0.8176682995787476,3.359622056613648,1.152845330451392,B,0,False,False
321,-0.23196248690555504,2.334551823621556,3.683692970499651,B,0,False,False
322,-0.3757499109819263,4.612620891949954,9.44458763278432,B,0,False,False
323,-1.37972497865875,2.219444306169471,2.487980037450992,B,0,False,False
324,0.5232184412826316,6.007746587309829,0.216026726411429,A,1,False,False
325,-0.4266897699938011,4.1279332086268425,8.092784724322966,B,0,False,False
326,-1.7554018445508066,3.915177756534014,8.49248377182388,B,0,False,False
327,0.3680932175398102,5.723987414238325,5.366955009476221,B,0,False,False
328,-0.1926149857940904,4.664419636914381,8.930472188945224,B,0,False,False
329,0.4491356133597169,5.843661209397829,1.7903407466058452,A,1,False,False
330,-0.18597566278626287,4.76043246258058,2.746686232102218,B,0,False,False
331,1.8687264568398083,8.64800618541707,0.2044973490459201,A,1,False,False
332,-0.5187038515389994,3.953732807912408,5.834322817573919,B,0,False,False
333,-0.0623985485823065,4.867087576183597,8.873887484571002,B,0,False,False
334,-0.1029106142626705,4.793389052877481,6.064012589192158,B,1,False,False
335,-0.2826283844070235,4.482558025169919,5.849551758777727,B,0,False,False
336,0.14242558501294,5.274733809027992,6.932235438882179,A,1,False,False
337,0.5412312971976727,6.059566123881161,6.759406128419273,A,1,False,False
338,0.13700223530853542,7.670231027829834,1.667442101798039,A,1,False,False
339,-1.5692561273944634,1.9105380879895608,8.289842908805426,B,0,False,False
340,-0.5103428738061208,3.919033904981024,9.123903621811566,B,0,False,False
341,-0.4477714253522432,4.053423724305191,3.916990857524636,B,0,False,False
342,0.937850297361706,6.777865682102248,3.087641166969584,A,1,False,False
343,-0.3566630610733439,4.2572480481525705,6.133791423497091,B,0,False,False
344,-1.8951755930793188,1.1516615774272396,9.725171919229126,B,0,False,False
345,0.0877304638665764,5.081189344939566,7.249631190795638,A,1,False,False
346,-0.0336892315409391,4.8921765799858505,7.900625524495016,B,1,False,False
347,0.1797515657713152,5.3288803691400375,7.685834719627095,A,1,False,False
348,-1.040162880979482,2.992947038103056,9.569939572725252,B,0,False,False
349,1.7190346810845034,8.414824400890241,8.161921996467187,A,1,False,False
350,-0.3238597837853462,4.366868896464776,2.6831423819668885,B,0,False,False
351,-0.1882968584936668,4.533867292776405,5.320981610625629,B,0,False,False
352,-0.5407053658160111,3.2103820349707624,2.420906447845267,B,0,False,False
353,-0.9310020038747236,3.0555561800145905,2.1293490748927715,B,0,False,False
354,-1.2227369597487854,2.538846328060786,2.082634081457844,B,0,False,False
355,-0.3933108517811569,4.17538474738854,9.345023776963968,B,0,False,False
356,-0.957581838756634,3.087749897345053,9.516624435158816,B,0,False,False
357,0.3507880458255807,6.202509560205723,0.8985440439667292,A,1,False,False
358,-1.8884923803868152,6.072176394127953,0.6407434961235747,B,0,False,False
359,-1.1283305481817938,2.686517982225291,8.570303205049886,B,0,False,False
360,-0.4014144284570147,4.2068505933832,5.637418628287012,B,0,False,False
361,0.6734912780983248,6.381346841736774,5.379228359074193,A,1,False,False
362,-0.4137568813800624,4.243354996994615,4.618166858667379,B,0,False,False
363,0.6759633930029775,6.328332199488321,0.7374629901068497,A,1,False,False
364,-0.2858268849518083,2.9518182876738117,9.822166834654665,B,0,False,False
365,0.0592911338947067,5.127913553767443,1.399514319905064,A,1,False,False
366,1.7440410870108336,8.44834998812727,8.065533350386561,A,1,False,False
367,-0.967744395699478,3.0182901987227204,9.581798185048571,B,0,False,False
368,0.44367568536899454,5.577545791725492,7.110111126922355,A,1,False,False
369,0.2069275192832601,5.444790879070877,0.8855097432789794,A,1,False,False
370,-2.25153498598787,0.4605261348104434,5.899849803711318,B,0,False,False
371,-0.5889705464706788,3.82112333029156,1.292164999154305,B,0,False,False
372,1.1311519053059893,7.258019961205933,8.669500327749734,A,1,False,False
373,-0.03200166698438795,4.944830608699152,4.944944219847526,A,1,False,False
374,-1.2122689628960637,2.555165093539977,9.420561490330616,B,0,False,False
375,0.6907772729156428,6.33724793499618,1.458858569184408,A,1,False,False
376,-0.4791229453143527,3.992936600621015,3.887983069468669,B,0,False,False
377,0.3600507280808367,5.693501626898934,5.435631239749626,A,1,False,False
378,0.3769201144376306,5.755245817188572,1.0833803009143916,A,1,False,False
379,-1.1186956011455729,2.7084940795998467,6.769056919371166,B,0,False,False
380,0.7850168169463358,6.5889703163633015,5.745689261697128,A,1,False,False
381,-1.007508801235176,2.8893539259294454,3.480420588875117,B,0,False,False
382,-1.30578586634164,2.3504545122222287,4.129173826034642,B,0,False,False
383,-0.882828987722037,3.170828218357705,7.962289176040044,B,0,False,False
384,-0.3460900338631944,4.331404051372471,3.5641322280697,B,0,False,False
385,-0.24379791710503457,5.2400184821736735,9.726331451146793,A,1,False,False
386,-0.77258373237244,3.494843579344569,9.181846335524408,B,0,False,False
387,0.7448193123951158,6.517103036071745,0.7808611679049138,A,1,False,False
388,0.2514641840435942,5.4588125126289215,8.524168263965496,A,1,False,False
389,-0.6947982151055028,3.629507500772001,6.73778934478518,B,0,False,False
390,0.8889929175948555,6.690065351259689,0.5531949698553684,A,1,False,False
391,1.1610683576464835,7.308180771320649,9.553661368178345,A,1,False,False
392,-0.0986846968095134,4.731011483293128,8.334869804002867,B,0,False,False
393,-0.4780755033398877,3.9626308951836924,8.326839632564564,B,0,False,False
394,-0.03200166698438795,4.944830608699152,4.944944219847526,B,0,False,False
395,-0.4075125923914689,4.248462607491322,9.210843010221293,B,0,False,False
396,0.40861107790987033,4.36547046028007,2.190795314644161,B,0,False,False
397,0.11770643004717278,5.48616535372475,9.373626095513751,A,1,False,False
398,-0.13991200587164282,4.676315849224499,0.4793012938412089,B,0,False,False
399,0.2440269381404946,5.531919891209359,8.81432305437478,A,1,False,False
400,1.5340902893038646,8.077570048595225,5.300867177463439,A,1,False,False
401,-0.42292965398525206,4.014279975568066,8.31167748366415,B,0,False,False
402,-0.4909722825658468,4.66944205374884,2.730412985439642,B,0,False,False
403,-1.3091653143025817,2.2497732470304177,4.057845440243108,B,0,False,False
404,-0.0086604667415855,4.903866447936556,8.046999058512391,B,0,False,False
405,0.9768129824696102,6.914042853107293,0.8093737158373315,A,1,False,False
406,-1.7510703491923696,1.55398428642639,9.14414460752642,B,0,False,False
407,-0.6658569670193876,3.700881730974766,8.172505974725556,B,0,False,False
408,0.13702596403442766,5.061046665106201,5.954620298185096,A,1,False,False
409,0.8501028835244372,6.719223006531092,7.079293999505097,A,1,False,False
410,0.3828702390268652,5.708713764835556,3.458202832516861,A,1,False,False
411,0.3254636281821306,5.655222114083901,4.705603626687358,A,1,False,False
412,-0.2243127859709009,5.140776695111708,1.4736283396794123,B,0,False,False
413,0.4818742570187152,5.925031877720604,4.999072858891179,A,1,False,False
414,1.014303883533461,6.171726078175341,7.828213461436294,A,1,False,False
415,-1.708991776549203,1.5976461228891594,5.583964184532096,B,0,False,False
416,0.7465943007939144,6.523234487152998,4.495783493622738,A,1,False,False
417,-0.0987598058667132,4.802322646272935,5.172170246971737,B,0,False,False
418,-0.5299888642145143,3.9184892793405233,6.333856320440686,B,0,False,False
419,-2.443075785879315,0.1065276395146481,4.75744719793702,B,0,False,False
420,-1.3803513236542992,2.2973061500416705,8.048816811146205,B,0,False,False
421,1.6980589922472509,8.364042367702929,5.728033473390715,A,1,False,False
422,-0.6885485324635544,3.620189316453394,7.078483702503618,B,0,False,False
423,-1.084768771253082,2.798849418582093,3.7859381232645815,B,0,False,False
424,-0.4564259561435924,4.899221040119009,0.8347909181321123,B,0,False,False
425,-0.03200166698438795,4.944830608699152,4.944944219847526,B,0,False,False
426,0.1243586326189154,5.300411175313887,0.0365886406447557,A,1,False,False
427,1.5169736782466114,7.927718592256028,3.4348669592608685,A,1,False,False
428,-0.5866159508522137,3.8545425440836745,3.2773520659458475,B,0,False,False
429,0.1542900505518711,5.47425612532634,9.120123284372973,A,1,False,False
430,-1.1472371412402351,2.735179217776045,4.492910678745195,B,0,False,False
431,1.520166442206532,8.01671366427521,5.303125935333955,A,1,False,False
432,0.18904344241411,5.427866635428211,0.8929523471394496,A,1,False,False
433,-0.7617190590289743,2.8442596924267067,8.46078817478295,B,0,False,False
434,0.9374966147716247,6.850337386967238,6.123783545936673,A,1,False,False
435,1.1999876485826133,7.352806100345692,5.379190819795957,A,1,False,False
436,0.1614563634076354,5.319521222525368,3.059558297082673,A,1,False,False
437,-1.639396967540776,1.7971796197524972,4.903692771358937,B,0,False,False
438,1.7851688135164747,8.530874850544132,2.73454481377657,A,1,False,False
439,0.3101225206265262,5.630108499505023,4.558179568320911,A,1,False,False
440,0.7644116073524929,7.322449826109016,7.688169417869105,A,1,False,False
441,-0.5508932051171423,3.888458166255086,6.254904807548058,B,0,False,False
442,-0.5633325233804856,4.2230557102895245,6.805344464906496,B,0,False,False
443,0.1104531092905653,5.20743027332046,8.922167604606312,A,1,False,False
444,1.11340167803588,7.226632898744853,6.641509945645481,A,1,False,False
445,0.1429900281671613,4.6347542874165155,1.989430376110097,A,1,False,False
446,-1.2568338125336815,2.3950809586740904,7.241939404823122,B,0,False,False
447,0.261989196783341,5.53363309997812,4.082357103728372,A,1,False,False
448,1.6295341945107669,8.281041890854095,2.7541837013770385,A,1,False,False
449,0.0658062824628313,5.106545113778905,8.977651120771341,A,1,False,False
450,0.1293855237764825,5.252177774396113,7.360034266164464,A,1,False,False
451,-1.2625437427838198,2.405177087861892,9.33117273914163,B,0,False,False
452,-1.4029890877228397,2.156321414850659,1.5194160481130414,B,0,False,False
453,-0.628816975947833,3.751635339640478,4.782246573834298,B,0,False,False
454,-0.3265176466187235,4.342738231230899,7.026270109386581,B,0,False,False
455,0.1040607350102799,5.158845424612656,5.320866658907005,A,0,False,False
456,0.1659569744741766,5.314259942023968,0.4297539946447548,A,1,False,False
457,1.6019076510169283,8.199862251021838,0.3376958608310665,A,1,False,False
458,0.0586874384499098,5.134385764619488,3.3160017013440592,A,1,False,False
459,1.0644226884109076,7.082265595549151,7.765097991089517,A,1,False,False
460,-0.0393293346449153,4.966792880365712,4.053575996983723,B,0,False,False
461,1.448903611625761,7.913010342742261,0.0322988849355654,A,1,False,False
462,-1.8703974787472009,1.2598830187700818,1.7489468934710306,B,0,False,False
463,-0.5688840386701128,3.7595520671759326,9.48504908695338,B,0,False,False
464,0.9830333962592408,7.0471433241908645,2.446624459936,A,1,False,False
465,-0.1715960052567155,4.729433180913956,8.533856071378217,B,0,False,False
466,0.26025297594951896,4.6376913860680435,3.7038760246846247,A,1,False,False
467,0.385066102777271,5.839306770967508,5.212968284618505,A,1,False,False
468,0.9458769837130342,6.889835053908449,3.4883082470948947,A,1,False,False
469,0.6130677280288434,6.196245927355545,3.0748630167961126,A,1,False,False
470,0.6736489338137502,6.298468979398612,3.6616303068125298,A,1,False,False
471,1.49245538715155,8.032151789896137,9.99644250811526,A,1,False,False
472,0.98647401870094,6.27306242978815,5.64126507631727,A,1,False,False
473,0.9938067071364096,6.484984710998086,4.652352656152063,A,1,False,False
474,-0.12799336649365634,3.986327456565106,5.491434909663609,A,0,False,False
475,-0.5818502098168723,4.551486725942338,2.630090735283587,B,0,False,False
476,-0.04237113678743809,3.655254521173388,5.663662148728356,B,0,False,False
477,0.7509445971896803,6.528278209986992,7.283198659410708,A,1,False,False
478,-2.438460564045024,0.1420157215641433,1.0568393449552238,B,0,False,False
479,0.2747966263379905,4.832541000974142,2.7844966224890246,B,0,False,False
480,-0.96325368587879,2.990617157003674,2.089222846927151,B,0,False,False
481,-0.247621378693617,4.438057279270278,7.448792316553852,B,0,False,False
482,-2.631438036808334,-0.219373298175145,3.9922522416838575,B,0,False,False
483,0.8984315287684108,7.467702081501616,4.24687196826312,A,1,False,False
484,0.6001752363295938,6.205907232602717,6.332459345651181,A,1,False,False
485,1.9845823984585664,8.881006920227028,6.50877154663596,A,1,False,False
486,1.062214468922782,7.144281929628714,1.3148761004483112,A,1,False,False
487,1.030379331152028,7.040226601594618,3.844505636901701,A,1,False,False
488,2.250676031030868,9.434948700511631,6.643920645371047,A,1,False,False
489,-0.5709580868574299,3.885568689740876,6.403285052309943,B,0,False,False
490,-0.5066322389590939,2.0067062981569417,1.9215649250013789,B,0,False,False
491,-0.2323573964927398,4.581179404322228,1.3289617140427334,B,0,False,False
492,-0.552055391282171,3.343453876338896,9.380716468151997,B,0,False,False
493,-0.2568453610244471,4.499950525054369,3.553597199404267,B,0,False,False
494,0.24090675455612534,2.908660725891293,4.604320180841811,B,0,False,False
495,0.567880067453997,6.164402275856532,2.6831945312171865,A,1,False,False
496,0.5129828495987242,5.9840100639462666,4.30518152723658,A,1,False,False
497,-0.0130265780539222,4.95577725693268,6.68018464419244,B,1,False,False
498,0.31158150338288,5.6636792866399865,6.786994684538468,A,1,False,False
499,-0.1420507271291829,4.774298075312864,4.312657393179653,B,0,False,False
500,0.389474150322705,6.528853782310746,0.5146551172784064,A,1,False,False
501,0.6048024903942903,5.082683672272648,2.142942080878102,A,1,False,False
502,-0.15368437426969112,4.39142984143245,8.560791974183545,B,0,False,False
503,0.9295844699427108,6.879600217927452,6.222044127861329,A,1,False,False
504,1.2608212692267615,7.471060350794877,1.9387512027828635,A,1,False,False
505,1.3374538256412123,6.0085137541572635,1.8920321756730247,A,1,False,False
506,-0.990274689319482,3.00506140318298,3.5012551254155238,B,0,False,False
507,-0.5344472080416974,3.981686381086254,6.152965383306876,B,0,False,False
508,-1.701496094747692,1.7032986417350555,5.424152596846316,B,0,False,False
509,-0.2385650182036061,4.519753829833211,5.270348752113692,B,0,False,False
510,0.4161238144776257,5.826447609631803,8.689307998115366,A,1,False,False
511,-0.1328011745119748,4.785072298436189,8.612514566241531,B,0,False,False
512,1.930850867048302,8.914896985486088,8.451985028044568,A,1,False,False
513,-0.4058433751113569,4.273393658182924,6.446239163859952,B,0,False,False
514,-1.088508555488929,2.8328113699879505,3.924502135158463,B,0,False,False
515,0.1329348016020331,6.105365065418635,2.6934427011537854,A,1,False,False
516,0.1499338284981604,5.30025333985903,6.228197296566641,A,1,False,False
517,0.6242368793209303,6.068103731944783,0.4528496285383598,A,1,False,False
518,0.30022974028447647,5.619566346743815,6.18383073294276,A,1,False,False
519,-0.23781350620075084,5.444119536668398,8.46124122433352,A,1,False,False
520,-2.122298883042592,0.8005025567307298,2.7191290996267226,B,0,False,False
521,-0.726114027517346,3.45269468351851,9.787460717284691,B,0,False,False
522,-0.5903249179528643,3.8263018292901543,8.859239719420504,B,0,False,False
523,-0.3479643379349264,4.305350151467945,1.9932808849663508,B,0,False,False
524,-0.4483916384609412,4.093394577169061,2.7030931693333904,B,0,False,False
525,0.412818761687691,5.891250283551464,5.79578292005367,A,1,False,False
526,0.5748841178172617,6.261135891518519,1.092517933878295,A,1,False,False
527,-1.1316409267511525,2.744003989226584,1.8847717162169653,B,0,False,False
528,0.6868044067946779,6.330776319734056,6.085494091516206,A,1,False,False
529,0.3940587742773839,6.1126938613746615,1.4701434503027877,A,1,False,False
530,0.4657700660382165,5.94592116772832,5.725451708983657,A,1,False,False
531,-1.417894488029669,2.1323079270698417,5.755452132151562,B,0,False,False
532,0.4405823002889993,5.731160056243681,5.9635440064684495,A,1,False,False
533,0.0825954195362701,5.145856062204052,2.5070139117528587,A,1,False,False
534,0.960880075213844,6.960447868389618,8.210808667597073,A,1,False,False
535,1.784356795301303,8.57908435282655,3.6960813697631467,A,1,False,False
536,1.5880678855942618,8.226038424286111,2.778860224735694,A,1,False,False
537,-0.061458234396107495,5.113593081865141,8.654933191692644,A,1,False,False
538,-0.0018746917257705,4.984898104257216,5.439047618368869,B,1,False,False
539,0.6319482840093328,6.374735974682007,3.955032639176983,A,1,False,False
540,-0.5319846353211142,2.644762042574272,7.854434462549755,B,0,False,False
541,-1.4506831416048005,2.140766327654657,1.373300982139346,B,0,False,False
542,-0.4725305920249986,4.078358226934079,1.6195724809290528,B,0,False,False
543,1.2554783692357072,7.505422880146517,3.987452856321654,A,1,False,False
544,-0.3311282982824718,4.329063813658775,1.2968322056445325,B,0,False,False
545,1.502580905809435,8.064679533571514,0.795527554307538,A,1,False,False
546,-2.7881128830850024,2.9455835337741867,5.887280202155786,B,0,False,False
547,-1.5872064267876305,1.8354261510598116,1.8397474543020744,B,0,False,False
548,-0.1236887328556991,4.765962794248362,2.0596490641830583,B,0,False,False
549,0.8881945413408756,6.822039309385845,7.290885665728838,A,1,False,False
550,-0.0696230987200925,4.812081952795556,0.9299572194754192,B,0,False,False
551,-0.0956527444932995,4.80182568248518,6.508987388148685,B,1,False,False
552,-0.121741495257092,4.803862421693943,3.087566680444891,B,0,False,False
553,-1.7628977344010746,1.528807916522386,8.27786819350662,B,0,False,False
554,1.1580688744398528,7.298739800219456,7.918494814037873,A,1,False,False
555,-0.6827647198373713,4.422353123864034,2.3700649735582777,B,0,False,False
556,1.089532657214453,5.238930771661595,3.4116375674907062,A,1,False,False
557,-0.0705234179623497,4.809105674582655,2.0626876713419877,B,0,False,False
558,0.39261219295551386,5.823037070834718,3.785783117571593,A,1,False,False
559,0.3432579809775661,5.7536853643474375,7.34936672498557,A,1,False,False
560,-0.1066744905582422,4.820111710704305,7.144268938094974,B,0,False,False
561,0.2262616470687025,5.445431569846978,1.8201917869814328,A,1,False,False
562,-1.472977609111576,2.0964077976091566,4.769239620700708,B,0,False,False
563,-0.23314873370737493,5.010897244740181,6.882067666619975,A,1,False,False
564,1.7160403221121312,8.440492074598932,7.381498945220425,A,1,False,False
565,1.3081935639887152,7.620806273397736,6.360369718338631,A,1,False,False
566,-0.985023582698072,2.9911768193007657,1.9482271219692195,B,0,False,False
567,-0.03200166698438795,4.944830608699152,4.944944219847526,A,1,False,False
568,0.2479798847475385,5.442462406466322,2.884477741377469,A,1,False,False
569,0.8171882801174081,5.77422037759744,3.699218030016973,A,1,False,False
570,0.0941528855222119,5.140275647515828,5.584978019298978,A,1,False,False
571,-0.2335039931301,4.453054961080354,8.593785049138901,B,0,False,False
572,-0.04909632980770428,4.8884670476304395,6.496503120661529,A,1,False,False
573,-0.05824159739099739,5.424988963956936,7.016877044789131,A,1,False,False
574,1.255464321946314,7.520388092639096,2.1636827968689163,A,1,False,False
575,0.974386203344494,6.990126032091661,5.9357999048464265,A,1,False,False
576,-0.3244872415189078,4.416569317447118,1.3689341804155877,B,0,False,False
577,-0.1670002743571596,4.778167727118015,7.369034163074875,B,0,False,False
578,-0.2247629389001263,8.908906242352039,9.487578065608837,A,1,False,False
579,-0.4175309830333368,5.359762938199816,7.348682614868746,A,1,False,False
580,-0.7586284233600243,3.4791401483695696,1.2467871603652814,B,0,False,False
581,-1.2000432779850234,4.192230451687951,6.933653523612215,B,0,False,False
582,0.9741324352577568,6.925789136974529,4.332251911254281,A,1,False,False
583,0.1602937210962731,5.330372317415217,0.9211418199853638,A,1,False,False
584,-0.7920919505289836,3.429776934702732,6.251283946244511,B,0,False,False
585,0.6745848312366249,6.389726914706057,7.241252907374011,A,1,False,False
586,0.1597486950559211,5.256508804473842,4.8371708276148855,A,1,False,False
587,-1.660475070762957,1.6856294908394827,5.037582811189868,B,0,False,False
588,0.5886855547108121,6.145920496687289,3.2534109448074044,A,1,False,False
589,-0.03200166698438795,4.944830608699152,4.944944219847526,A,1,False,False
590,2.559850230632471,9.54660567475432,4.882860588343913,A,1,False,False
591,0.0349025640620044,5.145240383845277,1.2394976773021804,A,1,False,False
592,0.2326496582105465,5.387861066348636,6.9920005763570545,A,1,False,False
593,1.6065968052348043,8.264903440487666,6.31909487720967,A,1,False,False
594,0.1687222669364791,5.3455778043973865,4.732499038703242,A,1,False,False
595,0.2753418630799228,5.514425053670082,1.2527155704364346,A,1,False,False
596,-0.4488330645745469,5.2378966071570146,0.7528317478011393,B,0,False,False
597,-1.3943751127131896,2.289551438214997,4.659471878319044,B,0,False,False
598,0.6980477013387222,6.905606577873357,8.379081639895395,A,1,False,False
599,-0.6763185000785938,3.3971954972083127,9.240940454199755,B,0,False,False
600,0.4645734193886887,7.231732251603882,3.881858535936472,A,1,False,False
601,-0.7881655588876596,3.4391620548958075,6.251283946244511,B,0,False,False
602,0.2652339583982989,5.547589045600597,8.198034720976853,A,1,False,False
603,-0.3722717313582859,4.31755736841561,4.240416683633174,B,0,False,False
604,1.1746002379573404,7.340956716963687,4.063200328708722,A,1,False,False
605,0.300846402206581,5.602471393563956,3.3347880266588947,A,1,False,False
606,1.9590953525071415,8.88551527036773,0.6911660603816638,A,1,False,False
607,-1.0836776793595817,2.866049007312689,0.0972613589853055,B,0,False,False
608,0.4138630815357569,5.8169556386138215,2.454986634881866,A,1,False,False
609,0.047341880907133,5.103982691252045,2.546173490460192,A,1,False,False
610,0.2799435712569227,5.536409641869651,5.839763462090941,A,1,False,False
611,1.5959211716104489,8.194204323907519,2.009320422999553,A,1,False,False
612,-0.03200166698438795,4.944830608699152,4.944944219847526,A,1,False,False
613,-1.147525408677207,2.7251724523897556,6.736064368200954,B,0,False,False
614,0.5335108183398289,6.036892875468276,4.597171609109533,A,1,False,False
615,-0.4156193761557507,4.203727675409911,1.1765350438746136,B,0,False,False
616,-0.6201653234782122,4.145662730783646,7.195096119616272,B,0,False,False
617,1.0458573280333687,7.133999718172811,9.136472512868444,A,1,False,False
618,-0.6023399830262286,3.7393239082558622,3.6617945417715103,B,0,False,False
619,-0.3797303275801356,4.222574509044804,5.294477459969963,B,0,False,False
620,0.0324072544038706,4.984329754601868,7.419187179670606,A,0,False,False
621,0.7207619530845009,6.893050296585376,0.5404216751961144,A,1,False,False
622,0.5815898028611892,6.074468428253015,0.5570766559328588,A,1,False,False
623,-0.2795350541071964,4.4711013108790345,6.766177408867394,B,0,False,False
624,-0.2721764656873932,4.365998608570792,8.309076664156809,B,0,False,False
625,-1.1601296615335286,2.72279251965526,9.205619033175186,B,0,False,False
626,-0.7598350885926631,3.404311466616348,1.4166312325741082,B,0,False,False
627,-0.6543810858204931,3.66886582016676,3.7486446960407642,B,0,False,False
628,-0.1492909417474455,4.724592479251329,3.5316668639795084,B,1,False,False
629,1.9867630371691616,8.993150737238858,2.2270086708301475,A,1,False,False
630,-0.6754694337864318,3.5677027725667174,7.3838855252867965,B,0,False,False
631,-0.2958290679056386,4.421342348296915,6.2723984606780165,B,0,False,False
632,-2.0523984049766058,0.8648105585055603,4.376921086686984,B,0,False,False
633,0.6005710943105073,6.26107558386831,8.444012610066153,A,1,False,False
634,-1.5774487938270054,3.6158833131390393,2.386847448104544,B,0,False,False
635,-0.9065895221643572,3.204785329192399,5.28342377739736,B,0,False,False
636,1.042335368440993,7.079214706507931,8.277103806381888,A,1,False,False
637,-2.1049284295789623,0.8234653638579843,1.3188880326374377,B,0,False,False
638,0.0959204123952399,5.153437353739994,5.961829714701571,A,1,False,False
639,0.8009296466651268,6.635271958064203,8.371900874656209,A,1,False,False
640,-0.2733279993984413,5.153381021443908,7.644655425101194,A,1,False,False
641,-0.9200931084896136,3.750308033247292,8.844821103706265,B,0,False,False
642,-0.624024850239865,3.831139780068127,6.229527205662774,B,0,False,False
643,1.7873700945523254,8.582066555121012,3.973522320813413,A,1,False,False
644,-0.0250601445815977,4.978737197010234,2.0393650770655314,B,1,False,False
645,-0.7362639342696717,3.567846993343238,5.570187280796714,B,0,False,False
646,-0.7174858373072273,3.5945305681530133,7.747788987614221,B,0,False,False
647,-0.03200166698438795,4.944830608699152,4.944944219847526,B,0,False,False
648,-0.4396722054259928,4.141852769827664,7.042037107024885,B,0,False,False
649,1.0882204764493446,7.149178182510294,3.1199707155926526,A,1,False,False
650,0.8877660685734637,6.785887664818449,3.7634614022312705,A,1,False,False
651,-1.1742703028253445,2.693798729414304,5.450931051843028,B,0,False,False
652,0.214586074704235,5.38942865399754,3.160999305001467,A,1,False,False
653,-0.4021597350725177,4.140862854596133,3.900261533466265,B,0,False,False
654,0.7824404041044422,6.1253134956696345,8.655969341234083,A,1,False,False
655,-0.1563597272292993,4.75201800252965,2.40316630675798,B,0,False,False
656,0.09291026156403309,5.732808688522316,8.832644005335904,A,1,False,False
657,-0.1586052069584993,5.0848251987951265,0.5783624352213346,B,0,False,False
658,-2.1870859306382227,3.098078623264734,9.7132549834216,B,0,False,False
659,0.0470024453686444,5.095631462501706,1.1910722315936484,A,1,False,False
660,-1.2717469495300868,2.363627884726327,8.83389056499147,B,0,False,False
661,0.7471284116768413,6.520691907667211,5.4077167806529385,A,1,False,False
662,-0.6798278923997879,3.665670886581425,5.613277476838281,B,0,False,False
663,-0.6050126560729895,3.822179620560685,9.806559540470916,B,0,False,False
664,-0.0089028250123025,4.828844968329162,9.51362110015596,B,1,False,False
665,0.06928366541211853,5.06132454624909,7.986081465165549,A,1,False,False
666,-0.1697438177991287,4.642877563531392,6.515834477100039,B,0,False,False
667,1.6421827720450202,8.292779645980284,3.683787803909554,A,1,False,False
668,1.648817861485808,8.290732007994855,3.3493440763351097,A,1,False,False
669,1.7154685921699906,6.291297685510456,4.674053274539709,A,1,False,False
670,-0.2343187245587674,4.595514750220944,4.291658005516599,B,0,False,False
671,-1.4819584561028547,2.0522845627737607,1.0190912496973723,B,0,False,False
672,1.220078514238279,7.4204192825353985,0.1132843752364543,A,1,False,False
673,-0.416345285299776,4.1179308528835,0.1626830764086417,B,0,False,False
674,0.0381663120020077,5.079743288499879,7.3746657680441,A,1,False,False
675,0.62832010285517,6.424249157808978,4.474560122167164,A,1,False,False
676,-1.604436400512652,1.792886190345894,4.905746175881881,B,0,False,False
677,1.6291212053324975,8.256640039006422,2.5355660965650677,A,1,False,False
678,0.8749623291033075,6.753238777938859,5.408383329205226,A,1,False,False
679,0.2941409272771721,5.710573957527242,1.272070587032953,A,1,False,False
680,0.8909167504786911,6.770174172225659,1.6354972550305436,A,1,False,False
681,0.5466813051369067,6.065262328391285,3.413784989220486,A,1,False,False
682,0.1168281155690777,4.387059764010102,0.2742935308133709,A,0,False,False
683,-0.2177785385451778,4.416325985823867,9.160135123300536,B,0,False,False
684,-0.7391422743557824,3.627572121113386,6.458616929404994,B,0,False,False
685,0.2872142809033677,5.599306358905112,9.321583896562958,A,1,False,False
686,-0.20500918082313063,5.710841522368177,0.6369879764953312,A,1,False,False
687,1.0831988026881991,6.424493278422274,3.127000878919289,A,1,False,False
688,0.2006600087191968,5.384820228829676,5.93168943484152,A,1,False,False
689,-0.8532015157805608,3.2359498208514275,9.37804841568696,B,0,False,False
690,-1.576232847396656,1.952426339011748,2.878930140036972,B,0,False,False
691,-0.08951329962141061,4.744024090505258,8.091930452106753,B,0,False,False
692,-0.025784609542432602,4.984386077025833,6.130239213031499,B,0,False,False
693,-0.0980915827935996,4.851915267203661,6.400080544502236,B,0,False,False
694,-1.530512897355624,1.993019961911966,1.4247798082153613,B,0,False,False
695,1.0744651405355077,7.276323770252803,3.2108281405904524,A,1,False,False
696,1.0726297462337824,6.11749933573486,3.6018797121992896,A,1,False,False
697,-0.823285164614491,3.3443365675611783,5.358538752418518,B,0,False,False
698,0.8059821116221542,6.6201882378431485,6.250838481678798,A,1,False,False
699,0.9528308618116564,6.943088800061318,5.65284444380069,A,1,False,False
700,-0.09305589332539113,5.085838008761223,7.063235358404359,A,0,False,False
701,-0.9484986261940768,3.0895601842444425,6.129926853730865,B,0,False,False
702,1.613381535261024,8.1909662007503,1.9480478504844576,A,1,False,False
703,0.3809214337722265,5.723125393348265,0.1325186098306396,A,1,False,False
704,-0.058188377920098566,4.511398723743935,7.49620112203857,B,0,False,False
705,0.11649054258252681,6.495746878849062,9.478981046884147,A,1,False,False
706,1.6222084878501517,8.15371534577206,2.0093204229995525,A,1,False,False
707,-0.4971601466888655,4.013030204373989,1.7287111425335222,B,0,False,False
708,0.6914225452567888,6.440976586395415,5.249713307795977,A,1,False,False
709,1.9431601707247084,8.919410888981158,6.71178278221524,A,1,False,False
710,-1.1165648342354797,2.765975939499941,3.0944662427021408,B,0,False,False
711,-0.40024175825608416,3.921642914163184,4.068184564970611,B,0,False,False
712,-0.5978550805922049,3.7219340536675327,2.5580396517117734,B,0,False,False
713,-0.1583271370492201,4.648863717678688,5.342267520447025,B,0,False,False
714,-0.2099737358841946,4.600834476735491,1.402590310069805,B,0,False,False
715,0.3007954393670502,5.660796816113899,2.3969283038043865,A,1,False,False
716,-0.5958197257452009,3.809183018327282,5.295372331594432,B,0,False,False
717,-0.5717421152116902,3.8423886351589256,6.650036491067714,B,0,False,False
718,0.3012904839825757,5.566686423374473,0.065758253181426,A,1,False,False
719,0.1549118597337104,5.2686641175438425,2.5297276181142525,A,1,False,False
720,0.8740798091601995,6.089018582487512,5.672674224723028,A,1,False,False
721,0.4093550249256403,5.884097052520269,5.643881815891484,A,1,False,False
722,0.08580991391343398,5.783224830972754,2.279614770692533,A,1,False,False
723,0.23666029040101016,4.851472182082175,8.98847736321301,B,0,False,False
724,-0.3834163111157828,4.269016538237319,8.24565455021659,B,0,False,False
725,1.8483799508834453,8.721966829522113,3.9407479616453225,A,1,False,False
726,0.3920780465516694,5.8625256890267,8.134749365767744,A,1,False,False
727,0.7473929615463166,6.521393650210781,8.492485742866725,A,1,False,False
728,0.2727347371627944,5.53977425374614,2.816602221974059,A,1,False,False
729,0.4253358569287856,5.783356713395384,1.1515133060044191,A,1,False,False
730,-0.2309040515281735,4.577090053539571,1.00918852374567,B,0,False,False
731,3.571579218026311,12.082011078605166,8.807501331411109,A,1,False,False
732,-0.3961559224096982,4.198331501755822,4.9440221523905645,B,0,False,False
733,-0.0383212177431516,4.97126934670531,6.714526353668783,B,0,False,False
734,-2.424836325455249,0.1908886220969181,3.900579245253544,B,0,False,False
735,1.0876835201738893,7.254468978955682,7.802521658714955,A,1,False,False
736,-0.5522529496849271,3.9304401623892655,8.24213187571708,B,0,False,False
737,-0.0607941060116412,4.885704761045905,8.925357098732754,B,0,False,False
738,-0.5421832819110594,3.9590266294574255,5.344680029081109,B,0,False,False
739,-0.1386829452748456,4.727237622686331,8.921204035233103,B,0,False,False
740,-0.2842470984206298,4.585861229830207,8.668531028503601,B,0,False,False
741,-0.0430417757806484,4.940678270488949,2.7164372848206373,B,0,False,False
742,-0.03987708872841192,4.901063459302072,5.787770478645731,B,0,False,False
743,-0.1542053114858826,4.717280083151437,2.621587256077084,B,0,False,False
744,-0.1678772265462794,4.630004495489465,5.454859059571617,B,0,False,False
745,1.308518452326017,6.74963516166005,8.97147518193386,A,1,False,False
746,0.8814169197592583,6.7743587675697,4.831396020921148,A,1,False,False
747,0.8874423184465896,6.871060286021557,8.245601699634173,A,1,False,False
748,-0.5433751281978751,3.561551779982929,0.1710452828855757,B,0,False,False
749,1.2568208318483642,7.5069048663602205,8.671434271519466,A,1,False,False
750,1.1316445091958878,7.252277825301713,9.442031638335532,A,1,False,False
751,-0.553404328801565,3.930399617834217,3.134064174768329,B,0,False,False
752,1.5238520171998031,8.042840968432479,7.096455126301117,A,1,False,False
753,-0.6832259429997894,3.665417163277701,8.192309383945043,B,0,False,False
754,-1.8595452941156618,1.3415165259945063,3.7882373364249156,B,0,False,False
755,1.1015259861531723,7.140748073946343,4.144459318905667,A,1,False,False
756,-0.1195187804300756,4.784601690275933,2.0658340667407016,B,0,False,False
757,0.9769215645749826,6.977124319850503,7.465588976769762,A,1,False,False
758,-0.7194051474676892,3.531429067956891,3.4419950017480234,B,0,False,False
759,-1.2617700117470425,2.434605807114317,0.0013594214720769,B,0,False,False
760,1.23187178862397,7.518449082254541,2.626336632121485,A,1,False,False
761,-1.4072685633957671,2.177122998643953,2.9580005312905016,B,0,False,False
762,-1.5610305114373637,2.995266866400887,0.7476824789935055,B,0,False,False
763,-1.9255868907643523,1.2364478661991989,5.308171869515643,B,0,False,False
764,-2.7944722983075785,-0.6193476062007495,4.874582649800532,B,0,False,False
765,-1.03910438326439,2.853330303726369,2.1893139907263715,B,0,False,False
766,-2.1694079584120365,0.696046205404719,3.881043801272747,B,0,False,False
767,-0.0356054846098295,4.887790579099944,3.2377812705401343,B,0,False,False
768,-2.2364173503246474,0.5845406755045985,1.2770258039909888,B,0,False,False
769,-1.0942734191759895,2.8379462555283754,5.687175662060663,B,0,False,False
770,2.332061996209657,9.591443542861937,8.923361615879164,A,1,False,False
771,0.3451242406120716,5.729351693433818,7.779578258276425,A,1,False,False
772,-0.2858550335936055,4.686133155273351,1.481892161925619,A,1,False,False
773,-1.6207519803198571,1.7791016205566583,3.131036617482246,B,0,False,False
774,-0.5545494651867244,4.585006998092398,2.371686363212292,B,0,False,False
775,0.048108563136617,5.105656432923221,2.7501846974610364,A,1,False,False
776,-1.605180795787059,1.8275394949950383,2.792867445575382,B,0,False,False
777,0.1261806808806188,5.22244192824413,4.1766223660101724,A,1,False,False
778,1.1912324570650992,7.353774667716193,4.551171594127112,A,1,False,False
779,-0.3482581188393802,4.292576386637582,6.117810780768902,B,0,False,False
780,-0.1972363684042849,4.574508193070677,1.5851223109706958,B,0,False,False
781,-0.5433897032389319,0.9442002439260788,0.2451060525661652,B,0,False,False
782,-1.3992338686095869,2.149129300353148,0.9476501618706412,B,0,False,False
783,1.057695101428216,7.156867560072377,6.509477332157696,A,1,False,False
784,-0.6615506465805062,4.529656673136282,1.6344835772824473,B,0,False,False
785,-0.9297116344424168,3.1594619593059794,2.588434202250054,B,0,False,False
786,-0.6925831159713568,3.555462104983679,6.757187483764627,B,0,False,False
787,-0.0574661270008301,4.90895436468626,4.968577769986107,B,0,False,False
788,-1.1584159108657917,2.7373685530655973,9.526717207817535,B,0,False,False
789,0.1265165059702353,5.253521570587568,3.8358279450476607,A,0,False,False
790,-1.3600076771230591,2.7224422531596666,2.263714721404657,B,0,False,False
791,0.7740000020757852,6.541004636554485,7.391322741643773,A,1,False,False
792,-1.0570557773396023,2.8960773789376155,5.529389171799344,B,0,False,False
793,1.3202683189321007,7.594263289209321,9.744225867485715,A,1,False,False
794,-0.0100326527573833,5.001856239626456,0.9788803531256496,B,1,False,False
795,-0.8456444283952297,3.280304178573953,5.7626675824284375,B,0,False,False
796,0.9114606095823158,6.786901653485148,1.7566024041513473,A,1,False,False
797,-1.3744968791031125,2.3300114221898207,7.473353949903661,B,0,False,False
798,-0.5470656450174095,3.842357667206489,6.646576306956641,B,0,False,False
799,-7.552661061545873e-05,4.994110523919844,2.317784428087456,B,0,False,False
